pruebas.login.qa+1@gmail.com,,,
pruebas.login.qa+2@gmail.com,,,
pruebas.login.qa+3@gmail.com,,,
pruebas.login.qa+4@gmail.com,,,
pruebas.login.qa+5@gmail.com,,,
pruebas.login.qa+6@gmail.com,,,
pruebas.login.qa+7@gmail.com,,,
pruebas.login.qa+8@gmail.com,,,
pruebas.login.qa+9@gmail.com,,,
pruebas.login.qa+10@gmail.com,,,
pruebas.login.qa+11@gmail.com,,,
pruebas.login.qa+12@gmail.com,,,
pruebas.login.qa+13@gmail.com,,,
pruebas.login.qa+14@gmail.com,,,
pruebas.login.qa+15@gmail.com,,,
pruebas.login.qa+16@gmail.com,,,
pruebas.login.qa+17@gmail.com,,,
pruebas.login.qa+18@gmail.com,,,
pruebas.login.qa+19@gmail.com,,,
pruebas.login.qa+20@gmail.com,,,
pruebas.login.qa+21@gmail.com,,,
pruebas.login.qa+22@gmail.com,,,
pruebas.login.qa+23@gmail.com,,,
pruebas.login.qa+24@gmail.com,,,
pruebas.login.qa+25@gmail.com,,,
pruebas.login.qa+26@gmail.com,,,
pruebas.login.qa+27@gmail.com,,,
pruebas.login.qa+28@gmail.com,,,
pruebas.login.qa+29@gmail.com,,,
pruebas.login.qa+30@gmail.com,,,
pruebas.login.qa+31@gmail.com,,,
pruebas.login.qa+32@gmail.com,,,
pruebas.login.qa+33@gmail.com,,,
pruebas.login.qa+34@gmail.com,,,
pruebas.login.qa+35@gmail.com,,,
pruebas.login.qa+36@gmail.com,,,
pruebas.login.qa+37@gmail.com,,,
pruebas.login.qa+38@gmail.com,,,
pruebas.login.qa+39@gmail.com,,,
pruebas.login.qa+40@gmail.com,,,
pruebas.login.qa+41@gmail.com,,,
pruebas.login.qa+42@gmail.com,,,
pruebas.login.qa+43@gmail.com,,,
pruebas.login.qa+44@gmail.com,,,
pruebas.login.qa+45@gmail.com,,,
pruebas.login.qa+46@gmail.com,,,
pruebas.login.qa+47@gmail.com,,,
pruebas.login.qa+48@gmail.com,,,
pruebas.login.qa+49@gmail.com,,,
pruebas.login.qa+50@gmail.com,,,
pruebas.login.qa+51@gmail.com,,,
pruebas.login.qa+52@gmail.com,,,
pruebas.login.qa+53@gmail.com,,,
pruebas.login.qa+54@gmail.com,,,
pruebas.login.qa+55@gmail.com,,,
pruebas.login.qa+56@gmail.com,,,
pruebas.login.qa+57@gmail.com,,,
pruebas.login.qa+58@gmail.com,,,
pruebas.login.qa+59@gmail.com,,,
pruebas.login.qa+60@gmail.com,,,
pruebas.login.qa+61@gmail.com,,,
pruebas.login.qa+62@gmail.com,,,
pruebas.login.qa+63@gmail.com,,,
pruebas.login.qa+64@gmail.com,,,
pruebas.login.qa+65@gmail.com,,,
pruebas.login.qa+66@gmail.com,,,
pruebas.login.qa+67@gmail.com,,,
pruebas.login.qa+68@gmail.com,,,
pruebas.login.qa+69@gmail.com,,,
pruebas.login.qa+70@gmail.com,,,
pruebas.login.qa+71@gmail.com,,,
pruebas.login.qa+72@gmail.com,,,
pruebas.login.qa+73@gmail.com,,,
pruebas.login.qa+74@gmail.com,,,
pruebas.login.qa+75@gmail.com,,,
pruebas.login.qa+76@gmail.com,,,
pruebas.login.qa+77@gmail.com,,,
pruebas.login.qa+78@gmail.com,,,
pruebas.login.qa+79@gmail.com,,,
pruebas.login.qa+80@gmail.com,,,
pruebas.login.qa+81@gmail.com,,,
pruebas.login.qa+82@gmail.com,,,
pruebas.login.qa+83@gmail.com,,,
pruebas.login.qa+84@gmail.com,,,
pruebas.login.qa+85@gmail.com,,,
pruebas.login.qa+86@gmail.com,,,
pruebas.login.qa+87@gmail.com,,,
pruebas.login.qa+88@gmail.com,,,
pruebas.login.qa+89@gmail.com,,,
pruebas.login.qa+90@gmail.com,,,
pruebas.login.qa+91@gmail.com,,,
pruebas.login.qa+92@gmail.com,,,
pruebas.login.qa+93@gmail.com,,,
pruebas.login.qa+94@gmail.com,,,
pruebas.login.qa+95@gmail.com,,,
pruebas.login.qa+96@gmail.com,,,
pruebas.login.qa+97@gmail.com,,,
pruebas.login.qa+98@gmail.com,,,
pruebas.login.qa+99@gmail.com,,,
pruebas.login.qa+100@gmail.com,,,
pruebas.login.qa+101@gmail.com,,,
pruebas.login.qa+102@gmail.com,,,
pruebas.login.qa+103@gmail.com,,,
pruebas.login.qa+104@gmail.com,,,
pruebas.login.qa+105@gmail.com,,,
pruebas.login.qa+106@gmail.com,,,
pruebas.login.qa+107@gmail.com,,,
pruebas.login.qa+108@gmail.com,,,
pruebas.login.qa+109@gmail.com,,,
pruebas.login.qa+110@gmail.com,,,
pruebas.login.qa+111@gmail.com,,,
pruebas.login.qa+112@gmail.com,,,
pruebas.login.qa+113@gmail.com,,,
pruebas.login.qa+114@gmail.com,,,
pruebas.login.qa+115@gmail.com,,,
pruebas.login.qa+116@gmail.com,,,
pruebas.login.qa+117@gmail.com,,,
pruebas.login.qa+118@gmail.com,,,
pruebas.login.qa+119@gmail.com,,,
pruebas.login.qa+120@gmail.com,,,
pruebas.login.qa+121@gmail.com,,,
pruebas.login.qa+122@gmail.com,,,
pruebas.login.qa+123@gmail.com,,,
pruebas.login.qa+124@gmail.com,,,
pruebas.login.qa+125@gmail.com,,,
pruebas.login.qa+126@gmail.com,,,
pruebas.login.qa+127@gmail.com,,,
pruebas.login.qa+128@gmail.com,,,
pruebas.login.qa+129@gmail.com,,,
pruebas.login.qa+130@gmail.com,,,
pruebas.login.qa+131@gmail.com,,,
pruebas.login.qa+132@gmail.com,,,
pruebas.login.qa+133@gmail.com,,,
pruebas.login.qa+134@gmail.com,,,
pruebas.login.qa+135@gmail.com,,,
pruebas.login.qa+136@gmail.com,,,
pruebas.login.qa+137@gmail.com,,,
pruebas.login.qa+138@gmail.com,,,
pruebas.login.qa+139@gmail.com,,,
pruebas.login.qa+140@gmail.com,,,
pruebas.login.qa+141@gmail.com,,,
pruebas.login.qa+142@gmail.com,,,
pruebas.login.qa+143@gmail.com,,,
pruebas.login.qa+144@gmail.com,,,
pruebas.login.qa+145@gmail.com,,,
pruebas.login.qa+146@gmail.com,,,
pruebas.login.qa+147@gmail.com,,,
pruebas.login.qa+148@gmail.com,,,
pruebas.login.qa+149@gmail.com,,,
pruebas.login.qa+150@gmail.com,,,
pruebas.login.qa+151@gmail.com,,,
pruebas.login.qa+152@gmail.com,,,
pruebas.login.qa+153@gmail.com,,,
pruebas.login.qa+154@gmail.com,,,
pruebas.login.qa+155@gmail.com,,,
pruebas.login.qa+156@gmail.com,,,
pruebas.login.qa+157@gmail.com,,,
pruebas.login.qa+158@gmail.com,,,
pruebas.login.qa+159@gmail.com,,,
pruebas.login.qa+160@gmail.com,,,
pruebas.login.qa+161@gmail.com,,,
pruebas.login.qa+162@gmail.com,,,
pruebas.login.qa+163@gmail.com,,,
pruebas.login.qa+164@gmail.com,,,
pruebas.login.qa+165@gmail.com,,,
pruebas.login.qa+166@gmail.com,,,
pruebas.login.qa+167@gmail.com,,,
pruebas.login.qa+168@gmail.com,,,
pruebas.login.qa+169@gmail.com,,,
pruebas.login.qa+170@gmail.com,,,
pruebas.login.qa+171@gmail.com,,,
pruebas.login.qa+172@gmail.com,,,
pruebas.login.qa+173@gmail.com,,,
pruebas.login.qa+174@gmail.com,,,
pruebas.login.qa+175@gmail.com,,,
pruebas.login.qa+176@gmail.com,,,
pruebas.login.qa+177@gmail.com,,,
pruebas.login.qa+178@gmail.com,,,
pruebas.login.qa+179@gmail.com,,,
pruebas.login.qa+180@gmail.com,,,
pruebas.login.qa+181@gmail.com,,,
pruebas.login.qa+182@gmail.com,,,
pruebas.login.qa+183@gmail.com,,,
pruebas.login.qa+184@gmail.com,,,
pruebas.login.qa+185@gmail.com,,,
pruebas.login.qa+186@gmail.com,,,
pruebas.login.qa+187@gmail.com,,,
pruebas.login.qa+188@gmail.com,,,
pruebas.login.qa+189@gmail.com,,,
pruebas.login.qa+190@gmail.com,,,
pruebas.login.qa+191@gmail.com,,,
pruebas.login.qa+192@gmail.com,,,
pruebas.login.qa+193@gmail.com,,,
pruebas.login.qa+194@gmail.com,,,
pruebas.login.qa+195@gmail.com,,,
pruebas.login.qa+196@gmail.com,,,
pruebas.login.qa+197@gmail.com,,,
pruebas.login.qa+198@gmail.com,,,
pruebas.login.qa+199@gmail.com,,,
pruebas.login.qa+200@gmail.com,,,
pruebas.login.qa+201@gmail.com,,,
pruebas.login.qa+202@gmail.com,,,
pruebas.login.qa+203@gmail.com,,,
pruebas.login.qa+204@gmail.com,,,
pruebas.login.qa+205@gmail.com,,,
pruebas.login.qa+206@gmail.com,,,
pruebas.login.qa+207@gmail.com,,,
pruebas.login.qa+208@gmail.com,,,
pruebas.login.qa+209@gmail.com,,,
pruebas.login.qa+210@gmail.com,,,
pruebas.login.qa+211@gmail.com,,,
pruebas.login.qa+212@gmail.com,,,
pruebas.login.qa+213@gmail.com,,,
pruebas.login.qa+214@gmail.com,,,
pruebas.login.qa+215@gmail.com,,,
pruebas.login.qa+216@gmail.com,,,
pruebas.login.qa+217@gmail.com,,,
pruebas.login.qa+218@gmail.com,,,
pruebas.login.qa+219@gmail.com,,,
pruebas.login.qa+220@gmail.com,,,
pruebas.login.qa+221@gmail.com,,,
pruebas.login.qa+222@gmail.com,,,
pruebas.login.qa+223@gmail.com,,,
pruebas.login.qa+224@gmail.com,,,
pruebas.login.qa+225@gmail.com,,,
pruebas.login.qa+226@gmail.com,,,
pruebas.login.qa+227@gmail.com,,,
pruebas.login.qa+228@gmail.com,,,
pruebas.login.qa+229@gmail.com,,,
pruebas.login.qa+230@gmail.com,,,
pruebas.login.qa+231@gmail.com,,,
pruebas.login.qa+232@gmail.com,,,
pruebas.login.qa+233@gmail.com,,,
pruebas.login.qa+234@gmail.com,,,
pruebas.login.qa+235@gmail.com,,,
pruebas.login.qa+236@gmail.com,,,
pruebas.login.qa+237@gmail.com,,,
pruebas.login.qa+238@gmail.com,,,
pruebas.login.qa+239@gmail.com,,,
pruebas.login.qa+240@gmail.com,,,
pruebas.login.qa+241@gmail.com,,,
pruebas.login.qa+242@gmail.com,,,
pruebas.login.qa+243@gmail.com,,,
pruebas.login.qa+244@gmail.com,,,
pruebas.login.qa+245@gmail.com,,,
pruebas.login.qa+246@gmail.com,,,
pruebas.login.qa+247@gmail.com,,,
pruebas.login.qa+248@gmail.com,,,
pruebas.login.qa+249@gmail.com,,,
pruebas.login.qa+250@gmail.com,,,
pruebas.login.qa+251@gmail.com,,,
pruebas.login.qa+252@gmail.com,,,
pruebas.login.qa+253@gmail.com,,,
pruebas.login.qa+254@gmail.com,,,
pruebas.login.qa+255@gmail.com,,,
pruebas.login.qa+256@gmail.com,,,
pruebas.login.qa+257@gmail.com,,,
pruebas.login.qa+258@gmail.com,,,
pruebas.login.qa+259@gmail.com,,,
pruebas.login.qa+260@gmail.com,,,
pruebas.login.qa+261@gmail.com,,,
pruebas.login.qa+262@gmail.com,,,
pruebas.login.qa+263@gmail.com,,,
pruebas.login.qa+264@gmail.com,,,
pruebas.login.qa+265@gmail.com,,,
pruebas.login.qa+266@gmail.com,,,
pruebas.login.qa+267@gmail.com,,,
pruebas.login.qa+268@gmail.com,,,
pruebas.login.qa+269@gmail.com,,,
pruebas.login.qa+270@gmail.com,,,
pruebas.login.qa+271@gmail.com,,,
pruebas.login.qa+272@gmail.com;,,,
pruebas.login.qa+273@gmail.com,,,
pruebas.login.qa+274@gmail.com,,,
pruebas.login.qa+275@gmail.com,,,
pruebas.login.qa+276@gmail.com,,,
pruebas.login.qa+277@gmail.com,,,
pruebas.login.qa+278@gmail.com,,,
pruebas.login.qa+279@gmail.com,,,
pruebas.login.qa+280@gmail.com,,,
pruebas.login.qa+281@gmail.com,,,
pruebas.login.qa+282@gmail.com,,,
pruebas.login.qa+283@gmail.com,,,
pruebas.login.qa+284@gmail.com,,,
pruebas.login.qa+285@gmail.com,,,
pruebas.login.qa+286@gmail.com,,,
pruebas.login.qa+287@gmail.com,,,
pruebas.login.qa+288@gmail.com,,,
pruebas.login.qa+289@gmail.com,,,
pruebas.login.qa+290@gmail.com,,,
pruebas.login.qa+291@gmail.com,,,
pruebas.login.qa+292@gmail.com,,,
pruebas.login.qa+293@gmail.com,,,
pruebas.login.qa+294@gmail.com,,,
pruebas.login.qa+295@gmail.com,,,
pruebas.login.qa+296@gmail.com,,,
pruebas.login.qa+297@gmail.com,,,
pruebas.login.qa+298@gmail.com,,,
pruebas.login.qa+299@gmail.com,,,
pruebas.login.qa+300@gmail.com,,,
pruebas.login.qa+301@gmail.com,,,
pruebas.login.qa+302@gmail.com,,,
pruebas.login.qa+303@gmail.com,,,
pruebas.login.qa+304@gmail.com,,,
pruebas.login.qa+305@gmail.com,,,
pruebas.login.qa+306@gmail.com,,,
pruebas.login.qa+307@gmail.com,,,
pruebas.login.qa+308@gmail.com,,,
pruebas.login.qa+309@gmail.com,,,
pruebas.login.qa+310@gmail.com,,,
pruebas.login.qa+311@gmail.com,,,
pruebas.login.qa+312@gmail.com,,,
pruebas.login.qa+313@gmail.com,,,
pruebas.login.qa+314@gmail.com,,,
pruebas.login.qa+315@gmail.com,,,
pruebas.login.qa+316@gmail.com,,,
pruebas.login.qa+317@gmail.com,,,
pruebas.login.qa+318@gmail.com,,,
pruebas.login.qa+319@gmail.com,,,
pruebas.login.qa+320@gmail.com,,,
pruebas.login.qa+321@gmail.com,,,
pruebas.login.qa+322@gmail.com,,,
pruebas.login.qa+323@gmail.com,,,
pruebas.login.qa+324@gmail.com,,,
pruebas.login.qa+325@gmail.com,,,
pruebas.login.qa+326@gmail.com,,,
pruebas.login.qa+327@gmail.com,,,
pruebas.login.qa+328@gmail.com,,,
pruebas.login.qa+329@gmail.com,,,
pruebas.login.qa+330@gmail.com,,,
pruebas.login.qa+331@gmail.com,,,
pruebas.login.qa+332@gmail.com,,,
pruebas.login.qa+333@gmail.com,,,
pruebas.login.qa+334@gmail.com,,,
pruebas.login.qa+335@gmail.com,,,
pruebas.login.qa+336@gmail.com,,,
pruebas.login.qa+337@gmail.com,,,
pruebas.login.qa+338@gmail.com,,,
pruebas.login.qa+339@gmail.com,,,
pruebas.login.qa+340@gmail.com,,,
pruebas.login.qa+341@gmail.com,,,
pruebas.login.qa+342@gmail.com,,,
pruebas.login.qa+343@gmail.com,,,
pruebas.login.qa+344@gmail.com,,,
pruebas.login.qa+345@gmail.com,,,
pruebas.login.qa+346@gmail.com,,,
pruebas.login.qa+347@gmail.com,,,
pruebas.login.qa+348@gmail.com,,,
pruebas.login.qa+349@gmail.com,,,
pruebas.login.qa+350@gmail.com,,,
pruebas.login.qa+351@gmail.com,,,
pruebas.login.qa+352@gmail.com,,,
pruebas.login.qa+353@gmail.com,,,
pruebas.login.qa+354@gmail.com,,,
pruebas.login.qa+355@gmail.com,,,
pruebas.login.qa+356@gmail.com,,,
pruebas.login.qa+357@gmail.com,,,
pruebas.login.qa+358@gmail.com,,,
pruebas.login.qa+359@gmail.com,,,
pruebas.login.qa+360@gmail.com,,,
pruebas.login.qa+361@gmail.com,,,
pruebas.login.qa+362@gmail.com,,,
pruebas.login.qa+363@gmail.com,,,
pruebas.login.qa+364@gmail.com,,,
pruebas.login.qa+365@gmail.com,,,
pruebas.login.qa+366@gmail.com,,,
pruebas.login.qa+367@gmail.com,,,
pruebas.login.qa+368@gmail.com,,,
pruebas.login.qa+369@gmail.com,,,
pruebas.login.qa+370@gmail.com,,,
pruebas.login.qa+371@gmail.com,,,
pruebas.login.qa+372@gmail.com,,,
pruebas.login.qa+373@gmail.com,,,
pruebas.login.qa+374@gmail.com,,,
pruebas.login.qa+375@gmail.com,,,
pruebas.login.qa+376@gmail.com,,,
pruebas.login.qa+377@gmail.com,,,
pruebas.login.qa+378@gmail.com,,,
pruebas.login.qa+379@gmail.com,,,
pruebas.login.qa+380@gmail.com,,,
pruebas.login.qa+381@gmail.com,,,
pruebas.login.qa+382@gmail.com,,,
pruebas.login.qa+383@gmail.com,,,
pruebas.login.qa+384@gmail.com,,,
pruebas.login.qa+385@gmail.com,,,
pruebas.login.qa+386@gmail.com,,,
pruebas.login.qa+387@gmail.com,,,
pruebas.login.qa+388@gmail.com,,,
pruebas.login.qa+389@gmail.com,,,
pruebas.login.qa+390@gmail.com,,,
pruebas.login.qa+391@gmail.com,,,
pruebas.login.qa+392@gmail.com,,,
pruebas.login.qa+393@gmail.com,,,
pruebas.login.qa+394@gmail.com,,,
pruebas.login.qa+395@gmail.com,,,
pruebas.login.qa+396@gmail.com,,,
pruebas.login.qa+397@gmail.com,,,
pruebas.login.qa+398@gmail.com,,,
pruebas.login.qa+399@gmail.com,,,
pruebas.login.qa+400@gmail.com,,,
pruebas.login.qa+401@gmail.com,,,
pruebas.login.qa+402@gmail.com,,,
pruebas.login.qa+403@gmail.com,,,
pruebas.login.qa+404@gmail.com,,,
pruebas.login.qa+405@gmail.com,,,
pruebas.login.qa+406@gmail.com,,,
pruebas.login.qa+407@gmail.com,,,
pruebas.login.qa+408@gmail.com,,,
pruebas.login.qa+409@gmail.com,,,
pruebas.login.qa+410@gmail.com,,,
pruebas.login.qa+411@gmail.com,,,
pruebas.login.qa+412@gmail.com,,,
pruebas.login.qa+413@gmail.com,,,
pruebas.login.qa+414@gmail.com,,,
pruebas.login.qa+415@gmail.com,,,
pruebas.login.qa+416@gmail.com,,,
pruebas.login.qa+417@gmail.com,,,
pruebas.login.qa+418@gmail.com,,,
pruebas.login.qa+419@gmail.com,,,
pruebas.login.qa+420@gmail.com,,,
pruebas.login.qa+421@gmail.com,,,
pruebas.login.qa+422@gmail.com,,,
pruebas.login.qa+423@gmail.com,,,
pruebas.login.qa+424@gmail.com,,,
pruebas.login.qa+425@gmail.com,,,
pruebas.login.qa+426@gmail.com,,,
pruebas.login.qa+427@gmail.com,,,
pruebas.login.qa+428@gmail.com,,,
pruebas.login.qa+429@gmail.com,,,
pruebas.login.qa+430@gmail.com,,,
pruebas.login.qa+431@gmail.com,,,
pruebas.login.qa+432@gmail.com,,,
pruebas.login.qa+433@gmail.com,,,
pruebas.login.qa+434@gmail.com,,,
pruebas.login.qa+435@gmail.com,,,
pruebas.login.qa+436@gmail.com,,,
pruebas.login.qa+437@gmail.com,,,
pruebas.login.qa+438@gmail.com,,,
pruebas.login.qa+439@gmail.com,,,
pruebas.login.qa+440@gmail.com,,,
pruebas.login.qa+441@gmail.com,,,
pruebas.login.qa+442@gmail.com,,,
pruebas.login.qa+443@gmail.com,,,
pruebas.login.qa+444@gmail.com,,,
pruebas.login.qa+445@gmail.com,,,
pruebas.login.qa+446@gmail.com,,,
pruebas.login.qa+447@gmail.com,,,
pruebas.login.qa+448@gmail.com,,,
pruebas.login.qa+449@gmail.com,,,
pruebas.login.qa+450@gmail.com,,,
pruebas.login.qa+451@gmail.com,,,
pruebas.login.qa+452@gmail.com,,,
pruebas.login.qa+453@gmail.com,,,
pruebas.login.qa+454@gmail.com,,,
pruebas.login.qa+455@gmail.com,,,
pruebas.login.qa+456@gmail.com,,,
pruebas.login.qa+457@gmail.com,,,
pruebas.login.qa+458@gmail.com,,,
pruebas.login.qa+459@gmail.com,,,
pruebas.login.qa+460@gmail.com,,,
pruebas.login.qa+461@gmail.com,,,
pruebas.login.qa+462@gmail.com,,,
pruebas.login.qa+463@gmail.com,,,
pruebas.login.qa+464@gmail.com,,,
pruebas.login.qa+465@gmail.com,,,
pruebas.login.qa+466@gmail.com,,,
pruebas.login.qa+467@gmail.com,,,
pruebas.login.qa+468@gmail.com,,,
pruebas.login.qa+469@gmail.com,,,
pruebas.login.qa+470@gmail.com,,,
pruebas.login.qa+471@gmail.com,,,
pruebas.login.qa+472@gmail.com,,,
pruebas.login.qa+473@gmail.com,,,
pruebas.login.qa+474@gmail.com,,,
pruebas.login.qa+475@gmail.com,,,
pruebas.login.qa+476@gmail.com,,,
pruebas.login.qa+477@gmail.com,,,
pruebas.login.qa+478@gmail.com,,,
pruebas.login.qa+479@gmail.com,,,
pruebas.login.qa+480@gmail.com,,,
pruebas.login.qa+481@gmail.com,,,
pruebas.login.qa+482@gmail.com,,,
pruebas.login.qa+483@gmail.com,,,
pruebas.login.qa+484@gmail.com,,,
pruebas.login.qa+485@gmail.com,,,
pruebas.login.qa+486@gmail.com,,,
pruebas.login.qa+487@gmail.com,,,
pruebas.login.qa+488@gmail.com,,,
pruebas.login.qa+489@gmail.com,,,
pruebas.login.qa+490@gmail.com,,,
pruebas.login.qa+491@gmail.com,,,
pruebas.login.qa+492@gmail.com,,,
pruebas.login.qa+493@gmail.com,,,
pruebas.login.qa+494@gmail.com,,,
pruebas.login.qa+495@gmail.com,,,
pruebas.login.qa+496@gmail.com,,,
pruebas.login.qa+497@gmail.com,,,
pruebas.login.qa+498@gmail.com,,,
pruebas.login.qa+499@gmail.com,,,
pruebas.login.qa+500@gmail.com,,,
pruebas.login.qa+501@gmail.com,,,
pruebas.login.qa+502@gmail.com,,,
pruebas.login.qa+503@gmail.com,,,
pruebas.login.qa+504@gmail.com,,,
pruebas.login.qa+505@gmail.com,,,
pruebas.login.qa+506@gmail.com,,,
pruebas.login.qa+507@gmail.com,,,
pruebas.login.qa+508@gmail.com,,,
pruebas.login.qa+509@gmail.com,,,
pruebas.login.qa+510@gmail.com,,,
pruebas.login.qa+511@gmail.com,,,
pruebas.login.qa+512@gmail.com,,,
pruebas.login.qa+513@gmail.com,,,
pruebas.login.qa+514@gmail.com,,,
pruebas.login.qa+515@gmail.com,,,
pruebas.login.qa+516@gmail.com,,,
pruebas.login.qa+517@gmail.com,,,
pruebas.login.qa+518@gmail.com,,,
pruebas.login.qa+519@gmail.com,,,
pruebas.login.qa+520@gmail.com,,,
pruebas.login.qa+521@gmail.com,,,
pruebas.login.qa+522@gmail.com,,,
pruebas.login.qa+523@gmail.com,,,
pruebas.login.qa+524@gmail.com,,,
pruebas.login.qa+525@gmail.com,,,
pruebas.login.qa+526@gmail.com,,,
pruebas.login.qa+527@gmail.com,,,
pruebas.login.qa+528@gmail.com,,,
pruebas.login.qa+529@gmail.com,,,
pruebas.login.qa+530@gmail.com,,,
pruebas.login.qa+531@gmail.com,,,
pruebas.login.qa+532@gmail.com,,,
pruebas.login.qa+533@gmail.com,,,
pruebas.login.qa+534@gmail.com,,,
pruebas.login.qa+535@gmail.com,,,
pruebas.login.qa+536@gmail.com,,,
pruebas.login.qa+537@gmail.com,,,
pruebas.login.qa+538@gmail.com,,,
pruebas.login.qa+539@gmail.com,,,
pruebas.login.qa+540@gmail.com,,,
pruebas.login.qa+541@gmail.com,,,
pruebas.login.qa+542@gmail.com,,,
pruebas.login.qa+543@gmail.com,,,
pruebas.login.qa+544@gmail.com,,,
pruebas.login.qa+545@gmail.com,,,
pruebas.login.qa+546@gmail.com,,,
pruebas.login.qa+547@gmail.com,,,
pruebas.login.qa+548@gmail.com,,,
pruebas.login.qa+549@gmail.com,,,
pruebas.login.qa+550@gmail.com,,,
pruebas.login.qa+551@gmail.com,,,
pruebas.login.qa+552@gmail.com,,,
pruebas.login.qa+553@gmail.com,,,
pruebas.login.qa+554@gmail.com,,,
pruebas.login.qa+555@gmail.com,,,
pruebas.login.qa+556@gmail.com,,,
pruebas.login.qa+557@gmail.com,,,
pruebas.login.qa+558@gmail.com,,,
pruebas.login.qa+559@gmail.com,,,
pruebas.login.qa+560@gmail.com,,,
pruebas.login.qa+561@gmail.com,,,
pruebas.login.qa+562@gmail.com,,,
pruebas.login.qa+563@gmail.com,,,
pruebas.login.qa+564@gmail.com,,,
pruebas.login.qa+565@gmail.com,,,
pruebas.login.qa+566@gmail.com,,,
pruebas.login.qa+567@gmail.com,,,
pruebas.login.qa+568@gmail.com,,,
pruebas.login.qa+569@gmail.com,,,
pruebas.login.qa+570@gmail.com,,,
pruebas.login.qa+571@gmail.com,,,
pruebas.login.qa+572@gmail.com,,,
pruebas.login.qa+573@gmail.com,,,
pruebas.login.qa+574@gmail.com,,,
pruebas.login.qa+575@gmail.com,,,
pruebas.login.qa+576@gmail.com,,,
pruebas.login.qa+577@gmail.com,,,
pruebas.login.qa+578@gmail.com,,,
pruebas.login.qa+579@gmail.com,,,
pruebas.login.qa+580@gmail.com,,,
pruebas.login.qa+581@gmail.com,,,
pruebas.login.qa+582@gmail.com,,,
pruebas.login.qa+583@gmail.com,,,
pruebas.login.qa+584@gmail.com,,,
pruebas.login.qa+585@gmail.com,,,
pruebas.login.qa+586@gmail.com,,,
pruebas.login.qa+587@gmail.com,,,
pruebas.login.qa+588@gmail.com,,,
pruebas.login.qa+589@gmail.com,,,
pruebas.login.qa+590@gmail.com,,,
pruebas.login.qa+591@gmail.com,,,
pruebas.login.qa+592@gmail.com,,,
pruebas.login.qa+593@gmail.com,,,
pruebas.login.qa+594@gmail.com,,,
pruebas.login.qa+595@gmail.com,,,
pruebas.login.qa+596@gmail.com,,,
pruebas.login.qa+597@gmail.com,,,
pruebas.login.qa+598@gmail.com,,,
pruebas.login.qa+599@gmail.com,,,
pruebas.login.qa+600@gmail.com,,,
pruebas.login.qa+601@gmail.com,,,
pruebas.login.qa+602@gmail.com,,,
pruebas.login.qa+603@gmail.com,,,
pruebas.login.qa+604@gmail.com,,,
pruebas.login.qa+605@gmail.com,,,
pruebas.login.qa+606@gmail.com,,,
pruebas.login.qa+607@gmail.com,,,
pruebas.login.qa+608@gmail.com,,,
pruebas.login.qa+609@gmail.com,,,
pruebas.login.qa+610@gmail.com,,,
pruebas.login.qa+611@gmail.com,,,
pruebas.login.qa+612@gmail.com,,,
pruebas.login.qa+613@gmail.com,,,
pruebas.login.qa+614@gmail.com,,,
pruebas.login.qa+615@gmail.com,,,
pruebas.login.qa+616@gmail.com,,,
pruebas.login.qa+617@gmail.com,,,
pruebas.login.qa+618@gmail.com,,,
pruebas.login.qa+619@gmail.com,,,
pruebas.login.qa+620@gmail.com,,,
pruebas.login.qa+621@gmail.com,,,
pruebas.login.qa+622@gmail.com,,,
pruebas.login.qa+623@gmail.com,,,
pruebas.login.qa+624@gmail.com,,,
pruebas.login.qa+625@gmail.com,,,
pruebas.login.qa+626@gmail.com,,,
pruebas.login.qa+627@gmail.com,,,
pruebas.login.qa+628@gmail.com,,,
pruebas.login.qa+629@gmail.com,,,
pruebas.login.qa+630@gmail.com,,,
pruebas.login.qa+631@gmail.com,,,
pruebas.login.qa+632@gmail.com,,,
pruebas.login.qa+633@gmail.com,,,
pruebas.login.qa+634@gmail.com,,,
pruebas.login.qa+635@gmail.com,,,
pruebas.login.qa+636@gmail.com,,,
pruebas.login.qa+637@gmail.com,,,
pruebas.login.qa+638@gmail.com,,,
pruebas.login.qa+639@gmail.com,,,
pruebas.login.qa+640@gmail.com,,,
pruebas.login.qa+641@gmail.com,,,
pruebas.login.qa+642@gmail.com,,,
pruebas.login.qa+643@gmail.com,,,
pruebas.login.qa+644@gmail.com,,,
pruebas.login.qa+645@gmail.com,,,
pruebas.login.qa+646@gmail.com,,,
pruebas.login.qa+647@gmail.com,,,
pruebas.login.qa+648@gmail.com,,,
pruebas.login.qa+649@gmail.com,,,
pruebas.login.qa+650@gmail.com,,,
pruebas.login.qa+651@gmail.com,,,
pruebas.login.qa+652@gmail.com,,,
pruebas.login.qa+653@gmail.com,,,
pruebas.login.qa+654@gmail.com,,,
pruebas.login.qa+655@gmail.com,,,
pruebas.login.qa+656@gmail.com,,,
pruebas.login.qa+657@gmail.com,,,
pruebas.login.qa+658@gmail.com,,,
pruebas.login.qa+659@gmail.com,,,
pruebas.login.qa+660@gmail.com,,,
pruebas.login.qa+661@gmail.com,,,
pruebas.login.qa+662@gmail.com,,,
pruebas.login.qa+663@gmail.com,,,
pruebas.login.qa+664@gmail.com,,,
pruebas.login.qa+665@gmail.com,,,
pruebas.login.qa+666@gmail.com,,,
pruebas.login.qa+667@gmail.com,,,
pruebas.login.qa+668@gmail.com,,,
pruebas.login.qa+669@gmail.com,,,
pruebas.login.qa+670@gmail.com,,,
pruebas.login.qa+671@gmail.com,,,
pruebas.login.qa+672@gmail.com,,,
pruebas.login.qa+673@gmail.com,,,
pruebas.login.qa+674@gmail.com,,,
pruebas.login.qa+675@gmail.com,,,
pruebas.login.qa+676@gmail.com,,,
pruebas.login.qa+677@gmail.com,,,
pruebas.login.qa+678@gmail.com,,,
pruebas.login.qa+679@gmail.com,,,
pruebas.login.qa+680@gmail.com,,,
pruebas.login.qa+681@gmail.com,,,
pruebas.login.qa+682@gmail.com,,,
pruebas.login.qa+683@gmail.com,,,
pruebas.login.qa+684@gmail.com,,,
pruebas.login.qa+685@gmail.com,,,
pruebas.login.qa+686@gmail.com,,,
pruebas.login.qa+687@gmail.com,,,
pruebas.login.qa+688@gmail.com,,,
pruebas.login.qa+689@gmail.com,,,
pruebas.login.qa+690@gmail.com,,,
pruebas.login.qa+691@gmail.com,,,
pruebas.login.qa+692@gmail.com,,,
pruebas.login.qa+693@gmail.com,,,
pruebas.login.qa+694@gmail.com,,,
pruebas.login.qa+695@gmail.com,,,
pruebas.login.qa+696@gmail.com,,,
pruebas.login.qa+697@gmail.com,,,
pruebas.login.qa+698@gmail.com,,,
pruebas.login.qa+699@gmail.com,,,
pruebas.login.qa+700@gmail.com,,,
pruebas.login.qa+701@gmail.com,,,
pruebas.login.qa+702@gmail.com,,,
pruebas.login.qa+703@gmail.com,,,
pruebas.login.qa+704@gmail.com,,,
pruebas.login.qa+705@gmail.com,,,
pruebas.login.qa+706@gmail.com,,,
pruebas.login.qa+707@gmail.com,,,
pruebas.login.qa+708@gmail.com,,,
pruebas.login.qa+709@gmail.com,,,
pruebas.login.qa+710@gmail.com,,,
pruebas.login.qa+711@gmail.com,,,
pruebas.login.qa+712@gmail.com,,,
pruebas.login.qa+713@gmail.com,,,
pruebas.login.qa+714@gmail.com,,,
pruebas.login.qa+715@gmail.com,,,
pruebas.login.qa+716@gmail.com,,,
pruebas.login.qa+717@gmail.com,,,
pruebas.login.qa+718@gmail.com,,,
pruebas.login.qa+719@gmail.com,,,
pruebas.login.qa+720@gmail.com,,,
pruebas.login.qa+721@gmail.com,,,
pruebas.login.qa+722@gmail.com,,,
pruebas.login.qa+723@gmail.com,,,
pruebas.login.qa+724@gmail.com,,,
pruebas.login.qa+725@gmail.com,,,
pruebas.login.qa+726@gmail.com,,,
pruebas.login.qa+727@gmail.com,,,
pruebas.login.qa+728@gmail.com,,,
pruebas.login.qa+729@gmail.com,,,
pruebas.login.qa+730@gmail.com,,,
pruebas.login.qa+731@gmail.com,,,
pruebas.login.qa+732@gmail.com,,,
pruebas.login.qa+733@gmail.com,,,
pruebas.login.qa+734@gmail.com,,,
pruebas.login.qa+735@gmail.com,,,
pruebas.login.qa+736@gmail.com,,,
pruebas.login.qa+737@gmail.com,,,
pruebas.login.qa+738@gmail.com,,,
pruebas.login.qa+739@gmail.com,,,
pruebas.login.qa+740@gmail.com,,,
pruebas.login.qa+741@gmail.com,,,
pruebas.login.qa+742@gmail.com,,,
pruebas.login.qa+743@gmail.com,,,
pruebas.login.qa+744@gmail.com,,,
pruebas.login.qa+745@gmail.com,,,
pruebas.login.qa+746@gmail.com,,,
pruebas.login.qa+747@gmail.com,,,
pruebas.login.qa+748@gmail.com,,,
pruebas.login.qa+749@gmail.com,,,
pruebas.login.qa+750@gmail.com,,,
pruebas.login.qa+751@gmail.com,,,
pruebas.login.qa+752@gmail.com,,,
pruebas.login.qa+753@gmail.com,,,
pruebas.login.qa+754@gmail.com,,,
pruebas.login.qa+755@gmail.com,,,
pruebas.login.qa+756@gmail.com,,,
pruebas.login.qa+757@gmail.com,,,
pruebas.login.qa+758@gmail.com,,,
pruebas.login.qa+759@gmail.com,,,
pruebas.login.qa+760@gmail.com,,,
pruebas.login.qa+761@gmail.com,,,
pruebas.login.qa+762@gmail.com,,,
pruebas.login.qa+763@gmail.com,,,
pruebas.login.qa+764@gmail.com,,,
pruebas.login.qa+765@gmail.com,,,
pruebas.login.qa+766@gmail.com,,,
pruebas.login.qa+767@gmail.com,,,
pruebas.login.qa+768@gmail.com,,,
pruebas.login.qa+769@gmail.com,,,
pruebas.login.qa+770@gmail.com,,,
pruebas.login.qa+771@gmail.com,,,
pruebas.login.qa+772@gmail.com,,,
pruebas.login.qa+773@gmail.com,,,
pruebas.login.qa+774@gmail.com,,,
pruebas.login.qa+775@gmail.com,,,
pruebas.login.qa+776@gmail.com,,,
pruebas.login.qa+777@gmail.com,,,
pruebas.login.qa+778@gmail.com,,,
pruebas.login.qa+779@gmail.com,,,
pruebas.login.qa+780@gmail.com,,,
pruebas.login.qa+781@gmail.com,,,
pruebas.login.qa+782@gmail.com,,,
pruebas.login.qa+783@gmail.com,,,
pruebas.login.qa+784@gmail.com,,,
pruebas.login.qa+785@gmail.com,,,
pruebas.login.qa+786@gmail.com,,,
pruebas.login.qa+787@gmail.com,,,
pruebas.login.qa+788@gmail.com,,,
pruebas.login.qa+789@gmail.com,,,
pruebas.login.qa+790@gmail.com,,,
pruebas.login.qa+791@gmail.com,,,
pruebas.login.qa+792@gmail.com,,,
pruebas.login.qa+793@gmail.com,,,
pruebas.login.qa+794@gmail.com,,,
pruebas.login.qa+795@gmail.com,,,
pruebas.login.qa+796@gmail.com,,,
pruebas.login.qa+797@gmail.com,,,
pruebas.login.qa+798@gmail.com,,,
pruebas.login.qa+799@gmail.com,,,
pruebas.login.qa+800@gmail.com,,,
pruebas.login.qa+801@gmail.com,,,
pruebas.login.qa+802@gmail.com,,,
pruebas.login.qa+803@gmail.com,,,
pruebas.login.qa+804@gmail.com,,,
pruebas.login.qa+805@gmail.com,,,
pruebas.login.qa+806@gmail.com,,,
pruebas.login.qa+807@gmail.com,,,
pruebas.login.qa+808@gmail.com,,,
pruebas.login.qa+809@gmail.com,,,
pruebas.login.qa+810@gmail.com,,,
pruebas.login.qa+811@gmail.com,,,
pruebas.login.qa+812@gmail.com,,,
pruebas.login.qa+813@gmail.com,,,
pruebas.login.qa+814@gmail.com,,,
pruebas.login.qa+815@gmail.com,,,
pruebas.login.qa+816@gmail.com,,,
pruebas.login.qa+817@gmail.com,,,
pruebas.login.qa+818@gmail.com,,,
pruebas.login.qa+819@gmail.com,,,
pruebas.login.qa+820@gmail.com,,,
pruebas.login.qa+821@gmail.com,,,
pruebas.login.qa+822@gmail.com,,,
pruebas.login.qa+823@gmail.com,,,
pruebas.login.qa+824@gmail.com,,,
pruebas.login.qa+825@gmail.com,,,
pruebas.login.qa+826@gmail.com,,,
pruebas.login.qa+827@gmail.com,,,
pruebas.login.qa+828@gmail.com,,,
pruebas.login.qa+829@gmail.com,,,
pruebas.login.qa+830@gmail.com,,,
pruebas.login.qa+831@gmail.com,,,
pruebas.login.qa+832@gmail.com,,,
pruebas.login.qa+833@gmail.com,,,
pruebas.login.qa+834@gmail.com,,,
pruebas.login.qa+835@gmail.com,,,
pruebas.login.qa+836@gmail.com,,,
pruebas.login.qa+837@gmail.com,,,
pruebas.login.qa+838@gmail.com,,,
pruebas.login.qa+839@gmail.com,,,
pruebas.login.qa+840@gmail.com,,,
pruebas.login.qa+841@gmail.com,,,
pruebas.login.qa+842@gmail.com,,,
pruebas.login.qa+843@gmail.com,,,
pruebas.login.qa+844@gmail.com,,,
pruebas.login.qa+845@gmail.com,,,
pruebas.login.qa+846@gmail.com,,,
pruebas.login.qa+847@gmail.com,,,
pruebas.login.qa+848@gmail.com,,,
pruebas.login.qa+849@gmail.com,,,
pruebas.login.qa+850@gmail.com,,,
pruebas.login.qa+851@gmail.com,,,
pruebas.login.qa+852@gmail.com,,,
pruebas.login.qa+853@gmail.com,,,
pruebas.login.qa+854@gmail.com,,,
pruebas.login.qa+855@gmail.com,,,
pruebas.login.qa+856@gmail.com,,,
pruebas.login.qa+857@gmail.com,,,
pruebas.login.qa+858@gmail.com,,,
pruebas.login.qa+859@gmail.com,,,
pruebas.login.qa+860@gmail.com,,,
pruebas.login.qa+861@gmail.com,,,
pruebas.login.qa+862@gmail.com,,,
pruebas.login.qa+863@gmail.com,,,
pruebas.login.qa+864@gmail.com,,,
pruebas.login.qa+865@gmail.com,,,
pruebas.login.qa+866@gmail.com,,,
pruebas.login.qa+867@gmail.com,,,
pruebas.login.qa+868@gmail.com,,,
pruebas.login.qa+869@gmail.com,,,
pruebas.login.qa+870@gmail.com,,,
pruebas.login.qa+871@gmail.com,,,
pruebas.login.qa+872@gmail.com,,,
pruebas.login.qa+873@gmail.com,,,
pruebas.login.qa+874@gmail.com,,,
pruebas.login.qa+875@gmail.com,,,
pruebas.login.qa+876@gmail.com,,,
pruebas.login.qa+877@gmail.com,,,
pruebas.login.qa+878@gmail.com,,,
pruebas.login.qa+879@gmail.com,,,
pruebas.login.qa+880@gmail.com,,,
pruebas.login.qa+881@gmail.com,,,
pruebas.login.qa+882@gmail.com,,,
pruebas.login.qa+883@gmail.com,,,
pruebas.login.qa+884@gmail.com,,,
pruebas.login.qa+885@gmail.com,,,
pruebas.login.qa+886@gmail.com,,,
pruebas.login.qa+887@gmail.com,,,
pruebas.login.qa+888@gmail.com,,,
pruebas.login.qa+889@gmail.com,,,
pruebas.login.qa+890@gmail.com,,,
pruebas.login.qa+891@gmail.com,,,
pruebas.login.qa+892@gmail.com,,,
pruebas.login.qa+893@gmail.com,,,
pruebas.login.qa+894@gmail.com,,,
pruebas.login.qa+895@gmail.com,,,
pruebas.login.qa+896@gmail.com,,,
pruebas.login.qa+897@gmail.com,,,
pruebas.login.qa+898@gmail.com,,,
pruebas.login.qa+899@gmail.com,,,
pruebas.login.qa+900@gmail.com,,,
pruebas.login.qa+901@gmail.com,,,
pruebas.login.qa+902@gmail.com,,,
pruebas.login.qa+903@gmail.com,,,
pruebas.login.qa+904@gmail.com,,,
pruebas.login.qa+905@gmail.com,,,
pruebas.login.qa+906@gmail.com,,,
pruebas.login.qa+907@gmail.com,,,
pruebas.login.qa+908@gmail.com,,,
pruebas.login.qa+909@gmail.com,,,
pruebas.login.qa+910@gmail.com,,,
pruebas.login.qa+911@gmail.com,,,
pruebas.login.qa+912@gmail.com,,,
pruebas.login.qa+913@gmail.com,,,
pruebas.login.qa+914@gmail.com,,,
pruebas.login.qa+915@gmail.com,,,
pruebas.login.qa+916@gmail.com,,,
pruebas.login.qa+917@gmail.com,,,
pruebas.login.qa+918@gmail.com,,,
pruebas.login.qa+919@gmail.com,,,
pruebas.login.qa+920@gmail.com,,,
pruebas.login.qa+921@gmail.com,,,
pruebas.login.qa+922@gmail.com,,,
pruebas.login.qa+923@gmail.com,,,
pruebas.login.qa+924@gmail.com,,,
pruebas.login.qa+925@gmail.com,,,
pruebas.login.qa+926@gmail.com,,,
pruebas.login.qa+927@gmail.com,,,
pruebas.login.qa+928@gmail.com,,,
pruebas.login.qa+929@gmail.com,,,
pruebas.login.qa+930@gmail.com,,,
pruebas.login.qa+931@gmail.com,,,
pruebas.login.qa+932@gmail.com,,,
pruebas.login.qa+933@gmail.com,,,
pruebas.login.qa+934@gmail.com,,,
pruebas.login.qa+935@gmail.com,,,
pruebas.login.qa+936@gmail.com,,,
pruebas.login.qa+937@gmail.com,,,
pruebas.login.qa+938@gmail.com,,,
pruebas.login.qa+939@gmail.com,,,
pruebas.login.qa+940@gmail.com,,,
pruebas.login.qa+941@gmail.com,,,
pruebas.login.qa+942@gmail.com,,,
pruebas.login.qa+943@gmail.com,,,
pruebas.login.qa+944@gmail.com,,,
pruebas.login.qa+945@gmail.com,,,
pruebas.login.qa+946@gmail.com,,,
pruebas.login.qa+947@gmail.com,,,
pruebas.login.qa+948@gmail.com,,,
pruebas.login.qa+949@gmail.com,,,
pruebas.login.qa+950@gmail.com,,,
pruebas.login.qa+951@gmail.com,,,
pruebas.login.qa+952@gmail.com,,,
pruebas.login.qa+953@gmail.com,,,
pruebas.login.qa+954@gmail.com,,,
pruebas.login.qa+955@gmail.com,,,
pruebas.login.qa+956@gmail.com,,,
pruebas.login.qa+957@gmail.com,,,
pruebas.login.qa+958@gmail.com,,,
pruebas.login.qa+959@gmail.com,,,
pruebas.login.qa+960@gmail.com,,,
pruebas.login.qa+961@gmail.com,,,
pruebas.login.qa+962@gmail.com,,,
pruebas.login.qa+963@gmail.com,,,
pruebas.login.qa+964@gmail.com,,,
pruebas.login.qa+965@gmail.com,,,
pruebas.login.qa+966@gmail.com,,,
pruebas.login.qa+967@gmail.com,,,
pruebas.login.qa+968@gmail.com,,,
pruebas.login.qa+969@gmail.com,,,
pruebas.login.qa+970@gmail.com,,,
pruebas.login.qa+971@gmail.com,,,
pruebas.login.qa+972@gmail.com,,,
pruebas.login.qa+973@gmail.com,,,
pruebas.login.qa+974@gmail.com,,,
pruebas.login.qa+975@gmail.com,,,
pruebas.login.qa+976@gmail.com,,,
pruebas.login.qa+977@gmail.com,,,
pruebas.login.qa+978@gmail.com,,,
pruebas.login.qa+979@gmail.com,,,
pruebas.login.qa+980@gmail.com,,,
pruebas.login.qa+981@gmail.com,,,
pruebas.login.qa+982@gmail.com,,,
pruebas.login.qa+983@gmail.com,,,
pruebas.login.qa+984@gmail.com,,,
pruebas.login.qa+985@gmail.com,,,
pruebas.login.qa+986@gmail.com,,,
pruebas.login.qa+987@gmail.com,,,
pruebas.login.qa+988@gmail.com,,,
pruebas.login.qa+989@gmail.com,,,
pruebas.login.qa+990@gmail.com,,,
pruebas.login.qa+991@gmail.com,,,
pruebas.login.qa+992@gmail.com,,,
pruebas.login.qa+993@gmail.com,,,
pruebas.login.qa+994@gmail.com,,,
pruebas.login.qa+995@gmail.com,,,
pruebas.login.qa+996@gmail.com,,,
pruebas.login.qa+997@gmail.com,,,
pruebas.login.qa+998@gmail.com,,,
pruebas.login.qa+999@gmail.com,,,
pruebas.login.qa+1000@gmail.com,,,
pruebas.login.qa+1001@gmail.com,,,
pruebas.login.qa+1002@gmail.com,,,
pruebas.login.qa+1003@gmail.com,,,
pruebas.login.qa+1004@gmail.com,,,
pruebas.login.qa+1005@gmail.com,,,
pruebas.login.qa+1006@gmail.com,,,
pruebas.login.qa+1007@gmail.com,,,
pruebas.login.qa+1008@gmail.com,,,
pruebas.login.qa+1009@gmail.com,,,
pruebas.login.qa+1010@gmail.com,,,
pruebas.login.qa+1011@gmail.com,,,
pruebas.login.qa+1012@gmail.com,,,
pruebas.login.qa+1013@gmail.com,,,
pruebas.login.qa+1014@gmail.com,,,
pruebas.login.qa+1015@gmail.com,,,
pruebas.login.qa+1016@gmail.com,,,
pruebas.login.qa+1017@gmail.com,,,
pruebas.login.qa+1018@gmail.com,,,
pruebas.login.qa+1019@gmail.com,,,
pruebas.login.qa+1020@gmail.com,,,
pruebas.login.qa+1021@gmail.com,,,
pruebas.login.qa+1022@gmail.com,,,
pruebas.login.qa+1023@gmail.com,,,
pruebas.login.qa+1024@gmail.com,,,
pruebas.login.qa+1025@gmail.com,,,
pruebas.login.qa+1026@gmail.com,,,
pruebas.login.qa+1027@gmail.com,,,
pruebas.login.qa+1028@gmail.com,,,
pruebas.login.qa+1029@gmail.com,,,
pruebas.login.qa+1030@gmail.com,,,
pruebas.login.qa+1031@gmail.com,,,
pruebas.login.qa+1032@gmail.com,,,
pruebas.login.qa+1033@gmail.com,,,
pruebas.login.qa+1034@gmail.com,,,
pruebas.login.qa+1035@gmail.com,,,
pruebas.login.qa+1036@gmail.com,,,
pruebas.login.qa+1037@gmail.com,,,
pruebas.login.qa+1038@gmail.com,,,
pruebas.login.qa+1039@gmail.com,,,
pruebas.login.qa+1040@gmail.com,,,
pruebas.login.qa+1041@gmail.com,,,
pruebas.login.qa+1042@gmail.com,,,
pruebas.login.qa+1043@gmail.com,,,
pruebas.login.qa+1044@gmail.com,,,
pruebas.login.qa+1045@gmail.com,,,
pruebas.login.qa+1046@gmail.com,,,
pruebas.login.qa+1047@gmail.com,,,
pruebas.login.qa+1048@gmail.com,,,
pruebas.login.qa+1049@gmail.com,,,
pruebas.login.qa+1050@gmail.com,,,
pruebas.login.qa+1051@gmail.com,,,
pruebas.login.qa+1052@gmail.com,,,
pruebas.login.qa+1053@gmail.com,,,
pruebas.login.qa+1054@gmail.com,,,
pruebas.login.qa+1055@gmail.com,,,
pruebas.login.qa+1056@gmail.com,,,
pruebas.login.qa+1057@gmail.com,,,
pruebas.login.qa+1058@gmail.com,,,
pruebas.login.qa+1059@gmail.com,,,
pruebas.login.qa+1060@gmail.com,,,
pruebas.login.qa+1061@gmail.com,,,
pruebas.login.qa+1062@gmail.com,,,
pruebas.login.qa+1063@gmail.com,,,
pruebas.login.qa+1064@gmail.com,,,
pruebas.login.qa+1065@gmail.com,,,
pruebas.login.qa+1066@gmail.com,,,
pruebas.login.qa+1067@gmail.com,,,
pruebas.login.qa+1068@gmail.com,,,
pruebas.login.qa+1069@gmail.com,,,
pruebas.login.qa+1070@gmail.com,,,
pruebas.login.qa+1071@gmail.com,,,
pruebas.login.qa+1072@gmail.com,,,
pruebas.login.qa+1073@gmail.com,,,
pruebas.login.qa+1074@gmail.com,,,
pruebas.login.qa+1075@gmail.com,,,
pruebas.login.qa+1076@gmail.com,,,
pruebas.login.qa+1077@gmail.com,,,
pruebas.login.qa+1078@gmail.com,,,
pruebas.login.qa+1079@gmail.com,,,
pruebas.login.qa+1080@gmail.com,,,
pruebas.login.qa+1081@gmail.com,,,
pruebas.login.qa+1082@gmail.com,,,
pruebas.login.qa+1083@gmail.com,,,
pruebas.login.qa+1084@gmail.com,,,
pruebas.login.qa+1085@gmail.com,,,
pruebas.login.qa+1086@gmail.com,,,
pruebas.login.qa+1087@gmail.com,,,
pruebas.login.qa+1088@gmail.com,,,
pruebas.login.qa+1089@gmail.com,,,
pruebas.login.qa+1090@gmail.com,,,
pruebas.login.qa+1091@gmail.com,,,
pruebas.login.qa+1092@gmail.com,,,
pruebas.login.qa+1093@gmail.com,,,
pruebas.login.qa+1094@gmail.com,,,
pruebas.login.qa+1095@gmail.com,,,
pruebas.login.qa+1096@gmail.com,,,
pruebas.login.qa+1097@gmail.com,,,
pruebas.login.qa+1098@gmail.com,,,
pruebas.login.qa+1099@gmail.com,,,
pruebas.login.qa+1100@gmail.com,,,
pruebas.login.qa+1101@gmail.com,,,
pruebas.login.qa+1102@gmail.com,,,
pruebas.login.qa+1103@gmail.com,,,
pruebas.login.qa+1104@gmail.com,,,
pruebas.login.qa+1105@gmail.com,,,
pruebas.login.qa+1106@gmail.com,,,
pruebas.login.qa+1107@gmail.com,,,
pruebas.login.qa+1108@gmail.com,,,
pruebas.login.qa+1109@gmail.com,,,
pruebas.login.qa+1110@gmail.com,,,
pruebas.login.qa+1111@gmail.com,,,
pruebas.login.qa+1112@gmail.com,,,
pruebas.login.qa+1113@gmail.com,,,
pruebas.login.qa+1114@gmail.com,,,
pruebas.login.qa+1115@gmail.com,,,
pruebas.login.qa+1116@gmail.com,,,
pruebas.login.qa+1117@gmail.com,,,
pruebas.login.qa+1118@gmail.com,,,
pruebas.login.qa+1119@gmail.com,,,
pruebas.login.qa+1120@gmail.com,,,
pruebas.login.qa+1121@gmail.com,,,
pruebas.login.qa+1122@gmail.com,,,
pruebas.login.qa+1123@gmail.com,,,
pruebas.login.qa+1124@gmail.com,,,
pruebas.login.qa+1125@gmail.com,,,
pruebas.login.qa+1126@gmail.com,,,
pruebas.login.qa+1127@gmail.com,,,
pruebas.login.qa+1128@gmail.com,,,
pruebas.login.qa+1129@gmail.com,,,
pruebas.login.qa+1130@gmail.com,,,
pruebas.login.qa+1131@gmail.com,,,
pruebas.login.qa+1132@gmail.com,,,
pruebas.login.qa+1133@gmail.com,,,
pruebas.login.qa+1134@gmail.com,,,
pruebas.login.qa+1135@gmail.com,,,
pruebas.login.qa+1136@gmail.com,,,
pruebas.login.qa+1137@gmail.com,,,
pruebas.login.qa+1138@gmail.com,,,
pruebas.login.qa+1139@gmail.com,,,
pruebas.login.qa+1140@gmail.com,,,
pruebas.login.qa+1141@gmail.com,,,
pruebas.login.qa+1142@gmail.com,,,
pruebas.login.qa+1143@gmail.com,,,
pruebas.login.qa+1144@gmail.com,,,
pruebas.login.qa+1145@gmail.com,,,
pruebas.login.qa+1146@gmail.com,,,
pruebas.login.qa+1147@gmail.com,,,
pruebas.login.qa+1148@gmail.com,,,
pruebas.login.qa+1149@gmail.com,,,
pruebas.login.qa+1150@gmail.com,,,
pruebas.login.qa+1151@gmail.com,,,
pruebas.login.qa+1152@gmail.com,,,
pruebas.login.qa+1153@gmail.com,,,
pruebas.login.qa+1154@gmail.com,,,
pruebas.login.qa+1155@gmail.com,,,
pruebas.login.qa+1156@gmail.com,,,
pruebas.login.qa+1157@gmail.com,,,
pruebas.login.qa+1158@gmail.com,,,
pruebas.login.qa+1159@gmail.com,,,
pruebas.login.qa+1160@gmail.com,,,
pruebas.login.qa+1161@gmail.com,,,
pruebas.login.qa+1162@gmail.com,,,
pruebas.login.qa+1163@gmail.com,,,
pruebas.login.qa+1164@gmail.com,,,
pruebas.login.qa+1165@gmail.com,,,
pruebas.login.qa+1166@gmail.com,,,
pruebas.login.qa+1167@gmail.com,,,
pruebas.login.qa+1168@gmail.com,,,
pruebas.login.qa+1169@gmail.com,,,
pruebas.login.qa+1170@gmail.com,,,
pruebas.login.qa+1171@gmail.com,,,
pruebas.login.qa+1172@gmail.com,,,
pruebas.login.qa+1173@gmail.com,,,
pruebas.login.qa+1174@gmail.com,,,
pruebas.login.qa+1175@gmail.com,,,
pruebas.login.qa+1176@gmail.com,,,
pruebas.login.qa+1177@gmail.com,,,
pruebas.login.qa+1178@gmail.com,,,
pruebas.login.qa+1179@gmail.com,,,
pruebas.login.qa+1180@gmail.com,,,
pruebas.login.qa+1181@gmail.com,,,
pruebas.login.qa+1182@gmail.com,,,
pruebas.login.qa+1183@gmail.com,,,
pruebas.login.qa+1184@gmail.com,,,
pruebas.login.qa+1185@gmail.com,,,
pruebas.login.qa+1186@gmail.com,,,
pruebas.login.qa+1187@gmail.com,,,
pruebas.login.qa+1188@gmail.com,,,
pruebas.login.qa+1189@gmail.com,,,
pruebas.login.qa+1190@gmail.com,,,
pruebas.login.qa+1191@gmail.com,,,
pruebas.login.qa+1192@gmail.com,,,
pruebas.login.qa+1193@gmail.com,,,
pruebas.login.qa+1194@gmail.com,,,
pruebas.login.qa+1195@gmail.com,,,
pruebas.login.qa+1196@gmail.com,,,
pruebas.login.qa+1197@gmail.com,,,
pruebas.login.qa+1198@gmail.com,,,
pruebas.login.qa+1199@gmail.com,,,
pruebas.login.qa+1200@gmail.com,,,
pruebas.login.qa+1201@gmail.com,,,
pruebas.login.qa+1202@gmail.com,,,
pruebas.login.qa+1203@gmail.com,,,
pruebas.login.qa+1204@gmail.com,,,
pruebas.login.qa+1205@gmail.com,,,
pruebas.login.qa+1206@gmail.com,,,
pruebas.login.qa+1207@gmail.com,,,
pruebas.login.qa+1208@gmail.com,,,
pruebas.login.qa+1209@gmail.com,,,
pruebas.login.qa+1210@gmail.com,,,
pruebas.login.qa+1211@gmail.com,,,
pruebas.login.qa+1212@gmail.com,,,
pruebas.login.qa+1213@gmail.com,,,
pruebas.login.qa+1214@gmail.com,,,
pruebas.login.qa+1215@gmail.com,,,
pruebas.login.qa+1216@gmail.com,,,
pruebas.login.qa+1217@gmail.com,,,
pruebas.login.qa+1218@gmail.com,,,
pruebas.login.qa+1219@gmail.com,,,
pruebas.login.qa+1220@gmail.com,,,
pruebas.login.qa+1221@gmail.com,,,
pruebas.login.qa+1222@gmail.com,,,
pruebas.login.qa+1223@gmail.com,,,
pruebas.login.qa+1224@gmail.com,,,
pruebas.login.qa+1225@gmail.com,,,
pruebas.login.qa+1226@gmail.com,,,
pruebas.login.qa+1227@gmail.com,,,
pruebas.login.qa+1228@gmail.com,,,
pruebas.login.qa+1229@gmail.com,,,
pruebas.login.qa+1230@gmail.com,,,
pruebas.login.qa+1231@gmail.com,,,
pruebas.login.qa+1232@gmail.com,,,
pruebas.login.qa+1233@gmail.com,,,
pruebas.login.qa+1234@gmail.com,,,
pruebas.login.qa+1235@gmail.com,,,
pruebas.login.qa+1236@gmail.com,,,
pruebas.login.qa+1237@gmail.com,,,
pruebas.login.qa+1238@gmail.com,,,
pruebas.login.qa+1239@gmail.com,,,
pruebas.login.qa+1240@gmail.com,,,
pruebas.login.qa+1241@gmail.com,,,
pruebas.login.qa+1242@gmail.com,,,
pruebas.login.qa+1243@gmail.com,,,
pruebas.login.qa+1244@gmail.com,,,
pruebas.login.qa+1245@gmail.com,,,
pruebas.login.qa+1246@gmail.com,,,
pruebas.login.qa+1247@gmail.com,,,
pruebas.login.qa+1248@gmail.com,,,
pruebas.login.qa+1249@gmail.com,,,
pruebas.login.qa+1250@gmail.com,,,
pruebas.login.qa+1251@gmail.com,,,
pruebas.login.qa+1252@gmail.com,,,
pruebas.login.qa+1253@gmail.com,,,
pruebas.login.qa+1254@gmail.com,,,
pruebas.login.qa+1255@gmail.com,,,
pruebas.login.qa+1256@gmail.com,,,
pruebas.login.qa+1257@gmail.com,,,
pruebas.login.qa+1258@gmail.com,,,
pruebas.login.qa+1259@gmail.com,,,
pruebas.login.qa+1260@gmail.com,,,
pruebas.login.qa+1261@gmail.com,,,
pruebas.login.qa+1262@gmail.com,,,
pruebas.login.qa+1263@gmail.com,,,
pruebas.login.qa+1264@gmail.com,,,
pruebas.login.qa+1265@gmail.com,,,
pruebas.login.qa+1266@gmail.com,,,
pruebas.login.qa+1267@gmail.com,,,
pruebas.login.qa+1268@gmail.com,,,
pruebas.login.qa+1269@gmail.com,,,
pruebas.login.qa+1270@gmail.com,,,
pruebas.login.qa+1271@gmail.com,,,
pruebas.login.qa+1272@gmail.com,,,
pruebas.login.qa+1273@gmail.com,,,
pruebas.login.qa+1274@gmail.com,,,
pruebas.login.qa+1275@gmail.com,,,
pruebas.login.qa+1276@gmail.com,,,
pruebas.login.qa+1277@gmail.com,,,
pruebas.login.qa+1278@gmail.com,,,
pruebas.login.qa+1279@gmail.com,,,
pruebas.login.qa+1280@gmail.com,,,
pruebas.login.qa+1281@gmail.com,,,
pruebas.login.qa+1282@gmail.com,,,
pruebas.login.qa+1283@gmail.com,,,
pruebas.login.qa+1284@gmail.com,,,
pruebas.login.qa+1285@gmail.com,,,
pruebas.login.qa+1286@gmail.com,,,
pruebas.login.qa+1287@gmail.com,,,
pruebas.login.qa+1288@gmail.com,,,
pruebas.login.qa+1289@gmail.com,,,
pruebas.login.qa+1290@gmail.com,,,
pruebas.login.qa+1291@gmail.com,,,
pruebas.login.qa+1292@gmail.com,,,
pruebas.login.qa+1293@gmail.com,,,
pruebas.login.qa+1294@gmail.com,,,
pruebas.login.qa+1295@gmail.com,,,
pruebas.login.qa+1296@gmail.com,,,
pruebas.login.qa+1297@gmail.com,,,
pruebas.login.qa+1298@gmail.com,,,
pruebas.login.qa+1299@gmail.com,,,
pruebas.login.qa+1300@gmail.com,,,
pruebas.login.qa+1301@gmail.com,,,
pruebas.login.qa+1302@gmail.com,,,
pruebas.login.qa+1303@gmail.com,,,
pruebas.login.qa+1304@gmail.com,,,
pruebas.login.qa+1305@gmail.com,,,
pruebas.login.qa+1306@gmail.com,,,
pruebas.login.qa+1307@gmail.com,,,
pruebas.login.qa+1308@gmail.com,,,
pruebas.login.qa+1309@gmail.com,,,
pruebas.login.qa+1310@gmail.com,,,
pruebas.login.qa+1311@gmail.com,,,
pruebas.login.qa+1312@gmail.com,,,
pruebas.login.qa+1313@gmail.com,,,
pruebas.login.qa+1314@gmail.com,,,
pruebas.login.qa+1315@gmail.com,,,
pruebas.login.qa+1316@gmail.com,,,
pruebas.login.qa+1317@gmail.com,,,
pruebas.login.qa+1318@gmail.com,,,
pruebas.login.qa+1319@gmail.com,,,
pruebas.login.qa+1320@gmail.com,,,
pruebas.login.qa+1321@gmail.com,,,
pruebas.login.qa+1322@gmail.com,,,
pruebas.login.qa+1323@gmail.com,,,
pruebas.login.qa+1324@gmail.com,,,
pruebas.login.qa+1325@gmail.com,,,
pruebas.login.qa+1326@gmail.com,,,
pruebas.login.qa+1327@gmail.com,,,
pruebas.login.qa+1328@gmail.com,,,
pruebas.login.qa+1329@gmail.com,,,
pruebas.login.qa+1330@gmail.com,,,
pruebas.login.qa+1331@gmail.com,,,
pruebas.login.qa+1332@gmail.com,,,
pruebas.login.qa+1333@gmail.com,,,
pruebas.login.qa+1334@gmail.com,,,
pruebas.login.qa+1335@gmail.com,,,
pruebas.login.qa+1336@gmail.com,,,
pruebas.login.qa+1337@gmail.com,,,
pruebas.login.qa+1338@gmail.com,,,
pruebas.login.qa+1339@gmail.com,,,
pruebas.login.qa+1340@gmail.com,,,
pruebas.login.qa+1341@gmail.com,,,
pruebas.login.qa+1342@gmail.com,,,
pruebas.login.qa+1343@gmail.com,,,
pruebas.login.qa+1344@gmail.com,,,
pruebas.login.qa+1345@gmail.com,,,
pruebas.login.qa+1346@gmail.com,,,
pruebas.login.qa+1347@gmail.com,,,
pruebas.login.qa+1348@gmail.com,,,
pruebas.login.qa+1349@gmail.com,,,
pruebas.login.qa+1350@gmail.com,,,
pruebas.login.qa+1351@gmail.com,,,
pruebas.login.qa+1352@gmail.com,,,
pruebas.login.qa+1353@gmail.com,,,
pruebas.login.qa+1354@gmail.com,,,
pruebas.login.qa+1355@gmail.com,,,
pruebas.login.qa+1356@gmail.com,,,
pruebas.login.qa+1357@gmail.com,,,
pruebas.login.qa+1358@gmail.com,,,
pruebas.login.qa+1359@gmail.com,,,
pruebas.login.qa+1360@gmail.com,,,
pruebas.login.qa+1361@gmail.com,,,
pruebas.login.qa+1362@gmail.com,,,
pruebas.login.qa+1363@gmail.com,,,
pruebas.login.qa+1364@gmail.com,,,
pruebas.login.qa+1365@gmail.com,,,
pruebas.login.qa+1366@gmail.com,,,
pruebas.login.qa+1367@gmail.com,,,
pruebas.login.qa+1368@gmail.com,,,
pruebas.login.qa+1369@gmail.com,,,
pruebas.login.qa+1370@gmail.com,,,
pruebas.login.qa+1371@gmail.com,,,
pruebas.login.qa+1372@gmail.com,,,
pruebas.login.qa+1373@gmail.com,,,
pruebas.login.qa+1374@gmail.com,,,
pruebas.login.qa+1375@gmail.com,,,
pruebas.login.qa+1376@gmail.com,,,
pruebas.login.qa+1377@gmail.com,,,
pruebas.login.qa+1378@gmail.com,,,
pruebas.login.qa+1379@gmail.com,,,
pruebas.login.qa+1380@gmail.com,,,
pruebas.login.qa+1381@gmail.com,,,
pruebas.login.qa+1382@gmail.com,,,
pruebas.login.qa+1383@gmail.com,,,
pruebas.login.qa+1384@gmail.com,,,
pruebas.login.qa+1385@gmail.com,,,
pruebas.login.qa+1386@gmail.com,,,
pruebas.login.qa+1387@gmail.com,,,
pruebas.login.qa+1388@gmail.com,,,
pruebas.login.qa+1389@gmail.com,,,
pruebas.login.qa+1390@gmail.com,,,
pruebas.login.qa+1391@gmail.com,,,
pruebas.login.qa+1392@gmail.com,,,
pruebas.login.qa+1393@gmail.com,,,
pruebas.login.qa+1394@gmail.com,,,
pruebas.login.qa+1395@gmail.com,,,
pruebas.login.qa+1396@gmail.com,,,
pruebas.login.qa+1397@gmail.com,,,
pruebas.login.qa+1398@gmail.com,,,
pruebas.login.qa+1399@gmail.com,,,
pruebas.login.qa+1400@gmail.com,,,
pruebas.login.qa+1401@gmail.com,,,
pruebas.login.qa+1402@gmail.com,,,
pruebas.login.qa+1403@gmail.com,,,
pruebas.login.qa+1404@gmail.com,,,
pruebas.login.qa+1405@gmail.com,,,
pruebas.login.qa+1406@gmail.com,,,
pruebas.login.qa+1407@gmail.com,,,
pruebas.login.qa+1408@gmail.com,,,
pruebas.login.qa+1409@gmail.com,,,
pruebas.login.qa+1410@gmail.com,,,
pruebas.login.qa+1411@gmail.com,,,
pruebas.login.qa+1412@gmail.com,,,
pruebas.login.qa+1413@gmail.com,,,
pruebas.login.qa+1414@gmail.com,,,
pruebas.login.qa+1415@gmail.com,,,
pruebas.login.qa+1416@gmail.com,,,
pruebas.login.qa+1417@gmail.com,,,
pruebas.login.qa+1418@gmail.com,,,
pruebas.login.qa+1419@gmail.com,,,
pruebas.login.qa+1420@gmail.com,,,
pruebas.login.qa+1421@gmail.com,,,
pruebas.login.qa+1422@gmail.com,,,
pruebas.login.qa+1423@gmail.com,,,
pruebas.login.qa+1424@gmail.com,,,
pruebas.login.qa+1425@gmail.com,,,
pruebas.login.qa+1426@gmail.com,,,
pruebas.login.qa+1427@gmail.com,,,
pruebas.login.qa+1428@gmail.com,,,
pruebas.login.qa+1429@gmail.com,,,
pruebas.login.qa+1430@gmail.com,,,
pruebas.login.qa+1431@gmail.com,,,
pruebas.login.qa+1432@gmail.com,,,
pruebas.login.qa+1433@gmail.com,,,
pruebas.login.qa+1434@gmail.com,,,
pruebas.login.qa+1435@gmail.com,,,
pruebas.login.qa+1436@gmail.com,,,
pruebas.login.qa+1437@gmail.com,,,
pruebas.login.qa+1438@gmail.com,,,
pruebas.login.qa+1439@gmail.com,,,
pruebas.login.qa+1440@gmail.com,,,
pruebas.login.qa+1441@gmail.com,,,
pruebas.login.qa+1442@gmail.com,,,
pruebas.login.qa+1443@gmail.com,,,
pruebas.login.qa+1444@gmail.com,,,
pruebas.login.qa+1445@gmail.com,,,
pruebas.login.qa+1446@gmail.com,,,
pruebas.login.qa+1447@gmail.com,,,
pruebas.login.qa+1448@gmail.com,,,
pruebas.login.qa+1449@gmail.com,,,
pruebas.login.qa+1450@gmail.com,,,
pruebas.login.qa+1451@gmail.com,,,
pruebas.login.qa+1452@gmail.com,,,
pruebas.login.qa+1453@gmail.com,,,
pruebas.login.qa+1454@gmail.com,,,
pruebas.login.qa+1455@gmail.com,,,
pruebas.login.qa+1456@gmail.com,,,
pruebas.login.qa+1457@gmail.com,,,
pruebas.login.qa+1458@gmail.com,,,
pruebas.login.qa+1459@gmail.com,,,
pruebas.login.qa+1460@gmail.com,,,
pruebas.login.qa+1461@gmail.com,,,
pruebas.login.qa+1462@gmail.com,,,
pruebas.login.qa+1463@gmail.com,,,
pruebas.login.qa+1464@gmail.com,,,
pruebas.login.qa+1465@gmail.com,,,
pruebas.login.qa+1466@gmail.com,,,
pruebas.login.qa+1467@gmail.com,,,
pruebas.login.qa+1468@gmail.com,,,
pruebas.login.qa+1469@gmail.com,,,
pruebas.login.qa+1470@gmail.com,,,
pruebas.login.qa+1471@gmail.com,,,
pruebas.login.qa+1472@gmail.com,,,
pruebas.login.qa+1473@gmail.com,,,
pruebas.login.qa+1474@gmail.com,,,
pruebas.login.qa+1475@gmail.com,,,
pruebas.login.qa+1476@gmail.com,,,
pruebas.login.qa+1477@gmail.com,,,
pruebas.login.qa+1478@gmail.com,,,
pruebas.login.qa+1479@gmail.com,,,
pruebas.login.qa+1480@gmail.com,,,
pruebas.login.qa+1481@gmail.com,,,
pruebas.login.qa+1482@gmail.com,,,
pruebas.login.qa+1483@gmail.com,,,
pruebas.login.qa+1484@gmail.com,,,
pruebas.login.qa+1485@gmail.com,,,
pruebas.login.qa+1486@gmail.com,,,
pruebas.login.qa+1487@gmail.com,,,
pruebas.login.qa+1488@gmail.com,,,
pruebas.login.qa+1489@gmail.com,,,
pruebas.login.qa+1490@gmail.com,,,
pruebas.login.qa+1491@gmail.com,,,
pruebas.login.qa+1492@gmail.com,,,
pruebas.login.qa+1493@gmail.com,,,
pruebas.login.qa+1494@gmail.com,,,
pruebas.login.qa+1495@gmail.com,,,
pruebas.login.qa+1496@gmail.com,,,
pruebas.login.qa+1497@gmail.com,,,
pruebas.login.qa+1498@gmail.com,,,
pruebas.login.qa+1499@gmail.com,,,
pruebas.login.qa+1500@gmail.com,,,
